[{"model": "products.category", "pk": 1, "fields": {"name": "hardcandy", "friendly_name": "Hard Candy"}}, {"model": "products.category", "pk": 2, "fields": {"name": "softcandy", "friendly_name": "Soft Candy"}}, {"model": "products.category", "pk": 3, "fields": {"name": "chocolatecandy", "friendly_name": "Chocolate Candy"}}, {"model": "products.category", "pk": 4, "fields": {"name": "magicalcandy", "friendly_name": "Magical Candy"}}, {"model": "products.category", "pk": 5, "fields": {"name": "merchandise", "friendly_name": "Merchandise"}}, {"model": "products.product", "pk": 1, "fields": {"category": 3, "sku": "wonka3trca", "name": "Wonka Triple Caramel Drizzle Bar", "description": "Who cares about finding a golden ticket when you’ve got such chocolate-y perfection staring you in the face? This enticing combination of rich fudge encased within sinfully decadent milk chocolate is so good, you’d still be pleased as punch if each of these candy bar wrappers contained a parking ticket (and, even better, they don’t. ). The natural ingredients give these bars a truly amazing taste that you will run all the way home for.", "has_sizes": false, "price": "4.99", "rating": "4.70", "image_url": "https://ukm.propstoreauction.com/images/lot/4066/406603_0.jpg", "image": "wonka-chocolate-triple-caramel-drizzle.jpg"}}, {"model": "products.product", "pk": 2, "fields": {"category": 3, "sku": "wonka3chch", "name": "Wonka Chilly Chocolate Creme Bar", "description": "Who cares about finding a golden ticket when you’ve got such spicy chocolate-y perfection staring you in the face? This enticing combination of chilli encased within sinfully creamy milk chocolate is so good, you’d still be pleased as punch if each of these candy bar wrappers contained a parking ticket (and, even better, they don’t. ). The natural ingredients give these bars a truly amazing taste that you will run all the way home for.", "has_sizes": false, "price": "4.99", "rating": "4.50", "image_url": "https://images.propstore.com/572690.jpg", "image": "wonka-chocolate-chilly-chocolate-creme.jpg"}}, {"model": "products.product", "pk": 3, "fields": {"category": 3, "sku": "wonka3whsc", "name": "Wonka Whipple-Scrumptious Fudgemallow Delight Bar", "description": "Who cares about finding a golden ticket when you’ve got such spicy chocolate-y perfection staring you in the face? This enticing combination of chilli encased within sinfully creamy milk chocolate is so good, you’d still be pleased as punch if each of these candy bar wrappers contained a parking ticket (and, even better, they don’t. ). 'Wonka's Whipple-Scrumptious Fudgemallow Delight!'\" cried Grandpa George. 'It's the best of them all! You'll just love it!'\" - From Charlie and the Chocolate Factory", "has_sizes": false, "price": "4.99", "rating": "4.90", "image_url": "https://images.propstore.com/572695.jpg", "image": "wonka-chocolate-whipple-scrumptious-fudgemallow-delight.jpg"}}, {"model": "products.product", "pk": 4, "fields": {"category": 3, "sku": "wonka3nucr", "name": "Wonka Nutty Crunch Surprise Bar", "description": "Who cares about finding a golden ticket when you’ve got such nutty chocolate-y perfection staring you in the face? This enticing combination of nutty tasting mousse filling and biscuit pieces encased within sinfully creamy milk chocolate is so good, you’d still be pleased as punch if each of these candy bar wrappers contained a parking ticket (and, even better, they don’t. ).", "has_sizes": false, "price": "4.99", "rating": "4.60", "image_url": "https://image.invaluable.com/housePhotos/Ewbank/77/636777/H0472-L159607753.jpg", "image": "wonka-chocolate-nutty-crunch-surprise.jpg"}}, {"model": "products.product", "pk": 5, "fields": {"category": 3, "sku": "wonka3orch ", "name": "Wonka Original Chocolate Bar", "description": "Who cares about finding a golden ticket when you’ve got such chocolate-y perfection staring you in the face? This enticing bar of sinfully creamy milk chocolate is so good, you’d still be pleased as punch if each of these candy bar wrappers contained a parking ticket (and, even better, they don’t. ).", "has_sizes": false, "price": "3.99", "rating": "4.70", "image_url": "https://cdn11.bigcommerce.com/s-rvsmb/images/stencil/1280x1280/products/10217/40095/wrapepr1__72633.1551955825.jpg?c=2", "image": "wonka-chocolate-standard-bar.jpg"}}, {"model": "products.product", "pk": 6, "fields": {"category": 1, "sku": "wonka3stan", "name": "Wonka Strawberry and Snow Candy Cane", "description": "The perfect Christmas treat. This joyful combination of vanilla ice cream and fresh strawberry will leave even those on the naughty list feeling nice. Made in collaboration with St Nicholas’s workshop.", "has_sizes": false, "price": "2.99", "rating": "4.60", "image_url": "https://media.istockphoto.com/photos/christmas-candy-with-clipping-path-picture-id184851570?k=20&m=184851570&s=170667a&w=0&h=6GLNrFyCLLxIWHAg0PYK_oOZ-vMvUwERjXrXXwUD-p8=", "image": "wonka-hardcandy-candy-cane.jpg"}}, {"model": "products.product", "pk": 7, "fields": {"category": 1, "sku": "wonka1rasw", "name": "Wonka Rainbow Swirl Lollipop", "description": "All the joy of a rainbow captured in a sweet rock candy swirl. This happy treat will leave even the most dour jumping for joy. Makes for a perfect surprise and when in need can double as a shiv with a hard tap.", "has_sizes": false, "price": "6.99", "rating": "4.60", "image_url": "https://www.candywarehouse.com/item-images/129232-01_giant-10-ounce-rainbow-swirl-lollipop-in-gift-box.jpg", "image": "wonka-hardcandy-rainbow-lollipop.jpg"}}, {"model": "products.product", "pk": 8, "fields": {"category": 1, "sku": "wonka1raun", "name": "Wonka Rainbow Unicorn Lollipop", "description": "All the joy of a rainbow captured in a sweet rock candy unicorn horn. This happy treat contains all the joy of riding a unicorn across a blue sky. Makes for a delicious snack for children and the perfect toy for daring adults. ", "has_sizes": false, "price": "5.99", "rating": "4.60", "image_url": "https://www.americansweets.co.uk/image/cache/catalog/american-sweets/wonka/wonka-nerds-surfturf2-800x800.png", "image": "wonka-hardcandy-rainbow-lollipop.jpg"}}, {"model": "products.product", "pk": 9, "fields": {"category": 1, "sku": "wonka1tran", "name": "Wonka Tropical and Raspberry Nerds", "description": "Tiny, tangy, crunchy candy you can eat in your own way. Tropical punch candy is on one side of the box and Raspberry on the other side. Try both flavors alone or together.", "has_sizes": false, "price": "3.99", "rating": "4.20", "image_url": "https://www.americansweets.co.uk/image/cache/catalog/american-sweets/wonka/wonka-nerds-surfturf2-800x800.png", "image": "wonka-hardcandy-tropical-raspberry-nerds.jpg"}}, {"model": "products.product", "pk": 10, "fields": {"category": 1, "sku": "wonka1gran", "name": "Wonka Grape and Strawberry Nerds", "description": "Tiny, tangy, crunchy candy you can eat in your own way. Strawberry candy is on one side of the box and Grape on the other side. Try both flavors alone or together.", "has_sizes": false, "price": "3.99", "rating": "4.40", "image_url": "https://candylab.ie/wp-content/uploads/2020/06/Wonka-Grape-Strawberry-Nerds-600x600.jpg", "image": "wonka-hard candy-grape-strawberry-nerds.jpg"}}, {"model": "products.product", "pk": 11, "fields": {"category": 1, "sku": "wonka1rane", "name": "Wonka Rainbow Nerds", "description": "Tiny, tangy, crunchy candy you can eat in your own way. A variety of mixed flavors. Try flavors alone or together.", "has_sizes": true, "price": "3.99", "rating": "4.30", "image_url": "https://www.usafoodstore.co.uk/user/products/large/wrn170g-1__47479.jpg", "image": "wonka-hardcandy-rainbow-nerds.jpg"}}, {"model": "products.product", "pk": 12, "fields": {"category": 2, "sku": "wonka2nebu", "name": "Wonka Nerds Bumpy Jelly Beans", "description": "Chewilicious jelly beans covered with a bumpalicious Nerds shell. Use this unique treat to decorate your candy bowl or fill Easter eggs.", "has_sizes": false, "price": "3.99", "rating": "4.50", "image_url": "https://www.myamericanmarket.com/9649/wonka-nerds-bumpy-jelly-beans-candy.jpg", "image": "wonka-softcandy-bumpy-jelly-beans.jpg"}}, {"model": "products.product", "pk": 13, "fields": {"category": 2, "sku": "wonka210fl", "name": "Wonka 100 Flavor Jelly Beans", "description": "Chewilicious jelly beans that come in over 100 flavors. Use this unique treat to wow your friends and keep life interesting!", "has_sizes": false, "price": "3.99", "rating": "4.40", "image_url": "https://www.northeastohioparent.com/wp-content/uploads/2019/03/pdp_sq_.jpeg", "image": "wonka-softcandy-standard-jelly-beans.jpg"}}, {"model": "products.product", "pk": 14, "fields": {"category": 2, "sku": "wonka2oomp", "name": "Wonka Oompas", "description": "You'll dance like a jolly Oompa Loompa in baggy pants when you taste these fruity candy sensations! Oompas candy tastes like Skittles and features a mix of six fruity flavors: Green Apple, Cherry, Lemon, Orange, Grape, and Strawberry.", "has_sizes": false, "price": "3.99", "rating": "4.60", "image_url": "https://www.candywarehouse.com/item-images/130893-01_wonka-oompas-candy-packs-24-piece-box.jpg", "image": "wonka-softcandy-oompas.jpg"}}, {"model": "products.product", "pk": 15, "fields": {"category": 2, "sku": "wonka2lata", "name": "Wonka Laffy Taffy", "description": "A delicious long lasting taffy that will leave you with the best kind of lockjaw! Best part is our laffy taffy doesn't cause cavities and it comes in 3 great flavors (Strawberry, Sour Apple and Banana).", "has_sizes": false, "price": "4.99", "rating": "4.10", "image_url": "https://cdn3.volusion.com/covjs.faqfw/v/vspfiles/photos/1-Wonka-Laffy-Taffy-2.jpg?v-cache=1592458643", "image": "wonka-softcandy-laffy-taffy.jpg"}}, {"model": "products.product", "pk": 16, "fields": {"category": 2, "sku": "wonka2guwo", "name": "Wonka Gummy Worms", "description": "Chewy gummy worms that come in a variety of flavors. Each worm is half sweet and half sour, good luck figuring out which is which! No worms were harmed in the making of this candy.", "has_sizes": false, "price": "3.99", "rating": "4.40", "image_url": "https://c8.alamy.com/zooms/9/fb418814c51e48b98d041d819c904982/2ahgam3.jpg", "image": "wonka-softcandy-gummy-worms.jpg"}}, {"model": "products.product", "pk": 17, "fields": {"category": 2, "sku": "wonka2gube ", "name": "Wonka Gummy Bears", "description": "Chewy gummy bears that come in a variety of flavors. Each bear has been specially formulated to carry 10 times its weight in flavor! We cannot guarantee that no bears were harmed in the making of this candy.", "has_sizes": false, "price": "3.99", "rating": "4.60", "image_url": "https://res.cloudinary.com/hsxfx8igq/image/upload/t_16x9_recipe_image,f_auto/v1626383537/infused-gummy-bears-levo_u2bkv2.jpg", "image": "wonka-softcandy-gummy-bears.jpg"}}, {"model": "products.product", "pk": 18, "fields": {"category": 4, "sku": "wonka4thco", "name": "Wonka Three Course Gum", "description": "A piece of candy that will change the world. A single strip of Wonka’s three course gum provides a fully nutritious three course meal, starter, main and dessert, in a single serving! Each strip contains various starters, mains and desserts and is subject to a random assortment.", "has_sizes": false, "price": "8.99", "rating": "4.90", "image_url": "https://static.wikia.nocookie.net/wonka/images/8/89/Mcgum.png/revision/latest?cb=20130609144051", "image": "wonka-magicalcandy-three-course-gum.jpg"}}, {"model": "products.product", "pk": 19, "fields": {"category": 4, "sku": "wonka4evgo", "name": "Wonka Everlasting Gobstopper", "description": "A magical gobstopper that will last forever. Patented Wonka technology has allowed us to create a piece of candy that renews itself, never becoming less flavorful or potent over time!", "has_sizes": false, "price": "9.99", "rating": "5.00", "image_url": "https://static.wikia.nocookie.net/wonka/images/b/b5/Nestle-wonka-candy-video-box-everlasting-gobstopper-5-ounce-boxes.jpg/revision/latest?cb=20191102210201", "image": "wonka-magicalcandy-everlasting-gobstopper.jpg"}}, {"model": "products.product", "pk": 20, "fields": {"category": 4, "sku": "wonka4fili", "name": "Wonka Fizzy Lifting Drinks", "description": "A liquid candy that will leave you feeling weightless! Packaged in glass bottles, each fizzy lifting drink will release you from the shackles of gravity for 1 hour. 4 Flavors available (Cherry, Blueberry, Lemon and Apple )", "has_sizes": false, "price": "9.99", "rating": "4.90", "image_url": "https://cdn.dribbble.com/users/391408/screenshots/5460953/wonka_fizzyliftingdrink_packaging2.gif", "image": "wonka-magicalcandy-fizzy-lifting-drinks.jpg"}}, {"model": "products.product", "pk": 21, "fields": {"category": 4, "sku": "wonka4fica", "name": "Wonka Fire Candy", "description": "Wonka fire candy takes spicy to a whole new level. Our science oompas have created a candy that will allow you to safely taste the sun with zero pain without having to leaving the planet!", "has_sizes": false, "price": "7.99", "rating": "4.50", "image_url": "https://thecakegirls.com/media/catalog/product/cache/1/image/700x560/9df78eab33525d08d6e5fb8d27136e95/s/i/sixlets.jpg", "image": "wonka-magicalcandy-fire-candy.jpg"}}, {"model": "products.product", "pk": 22, "fields": {"category": 4, "sku": "wonka4gllo", "name": "Wonka Glowing Lollipop", "description": "This magical candy will light up your world and save your electric bill. Created using special extracts from photo-flowers grown in our oompa greenhouses.", "has_sizes": false, "price": "6.99", "rating": "4.60", "image_url": "https://image.made-in-china.com/2f0j00EZAtsejKbURQ/Lollipop-Glow-Stick-Lollopop-Light-Stick-Glow-Candy-Sticks.jpg", "image": "wonka-magicalcandy-glowing-lollipop.jpg"}}, {"model": "products.product", "pk": 23, "fields": {"category": 4, "sku": "wonka4liwa", "name": "Wonka Lickable Wallpaper", "description": "Imagine having walls that like your favorite fruits! Well now you can with Wonka Lickable Wallpaper! This unique oompa creation is self-cleaning, aromatic and delicious!", "has_sizes": false, "price": "6.99", "rating": "4.40", "image_url": "https://ih1.redbubble.net/image.1751384765.1874/pp,840x830-pad,1000x1000,f8f8f8.u2.jpg", "image": "wonka-magicalcandy-lickable-wallpaper.jpg"}}, {"model": "products.product", "pk": 24, "fields": {"category": 4, "sku": "wonka4mapi", "name": "Wonka Marshmallow Pillow", "description": "Ever found yourself laying in bed unable to sleep, hungry with a pillow you just can't position right? Well now you never need to experience that again! Our patented Marshmallow pillow is the comfort snack you’ve always dreamed about!", "has_sizes": false, "price": "9.99", "rating": "4.70", "image_url": "https://www.foodbloggersofcanada.com/wp-content/uploads/2014/03/wonka-marshmallow-pillow.jpg", "image": "wonka-magicalcandy-marshmallow-pillow.jpg"}}, {"model": "products.product", "pk": 25, "fields": {"category": 5, "sku": "wonka5lomu ", "name": "Wonka Loser Mug", "description": "The best mug to drink hot chocolate! For a extra yummy experience, dissolve a few blocks of our Wonka Original Chocolate Bar in a milk of your choice and stir using our Wonka Strawberry and Snow Candy Cane!", "has_sizes": false, "price": "11.99", "rating": "4.80", "image_url": "https://res.cloudinary.com/teepublic/image/private/s--n9tK53Ut--/c_scale,h_704/c_lpad,g_north_west,h_801,w_1802,x_76,y_48/c_crop,h_801,w_691,x_125/c_mfit,g_north_west,u_misc:Mug%20Effect%20Coffee3%20Left/e_displace,fl_layer_apply,x_14,y_-2/c_mfit,g_north_east,u_misc:Mug%20Effect%20Coffee3%20Right/e_displace,fl_layer_apply,x_-14,y_-2/c_crop,h_801,w_656/g_north_west,l_upload:v1466696262:production:blanks:w00xdkhjelyrnp8i8wxr,x_-410,y_-235/b_rgb:fffffe/c_limit,f_auto,h_630,q_90,w_630/v1464692327/production/designs/528957_1.jpg  ", "image": "wonka-merch-mug.jpg"}}, {"model": "products.product", "pk": 26, "fields": {"category": 5, "sku": "wonka5brsh", "name": "Wonka Brown Shirt", "description": "The perfect shirt to wear if you win the golden ticket raffle!", "has_sizes": false, "price": "14.99", "rating": "4.60", "image_url": "https://dyn.media.forbiddenplanet.com/RnVVewhh_KEg2IwLP_eCeRogMik=/fit-in/1500x1500/https://media.forbiddenplanet.com/products/2f/d1/4cfcedb6fbd8fff77ec787246edc77fbe0fb.jpg", "image": "wonka-merch-shirt.jpg"}}, {"model": "products.product", "pk": 27, "fields": {"category": 5, "sku": "wonka5puho", "name": "Wonka Purple Hoodie", "description": "The perfect hoodie to wear over your Wonka Shirt to keep warm whilst sipping hot chocolate out of a Wonka Mug!", "has_sizes": false, "price": "19.99", "rating": "4.20", "image_url": "https://i.etsystatic.com/17243366/r/il/c2644a/3287287196/il_570xN.3287287196_b9xt.jpg", "image": "wonka-merch-hoodie.jpg"}}, {"model": "products.product", "pk": 28, "fields": {"category": 5, "sku": "wonka5brac", "name": "Wonka Bracelet", "description": "A stylish wearable reminder to all around you that you can be bribed with Wonka Candy! Goes perfectly with our Wonk Shirt.", "has_sizes": false, "price": "14.99", "rating": "4.50", "image_url": "https://m.media-amazon.com/images/I/514V-9cz44L._AC_UL1001_.jpg", "image": "wonka-merch-bracelet.jpg"}}, {"model": "products.product", "pk": 29, "fields": {"category": 5, "sku": "wonka5keyc", "name": "Wonka Keychain", "description": "Attach to keys in case you ever lose it! Perfect way to demonstrate your allegiance to the Wonka brand!", "has_sizes": false, "price": "9.99", "rating": "3.90", "image_url": "https://i5.walmartimages.com/asr/a038e51d-470e-49be-83ed-b1bc6eea9a6f_1.db6c7138325fca5676c0140c2da7e7ae.jpeg?odnHeight=612&odnWidth=612&odnBg=FFFFFF", "image": "wonka-merch-keychain.jpg"}}, {"model": "products.product", "pk": 30, "fields": {"category": 5, "sku": "wonka5toba", "name": "Wonka Tote Bag", "description": "A must have to store your Wonka Candy and Merchandise!", "has_sizes": false, "price": "15.99", "rating": "4.40", "image_url": "https://ih1.redbubble.net/image.598436811.7422/tb,840x840,medium-c,1,198,600,600-bg,f8f8f8.u2.jpg", "image": "wonka-merch-bag.jpg"}}, {"model": "products.review", "pk": 1, "fields": {"product": 10, "name": "Daniel", "email": "daniel@test.com", "message": "This is a test review from Daniel", "added_on": "2022-01-19T16:23:34.145Z", "approved": true}}, {"model": "products.review", "pk": 2, "fields": {"product": 5, "name": "Charlie", "email": "charlie@test.com", "message": "This is a message from charlie", "added_on": "2022-01-19T18:10:50.700Z", "approved": true}}, {"model": "products.review", "pk": 3, "fields": {"product": 6, "name": "John", "email": "jon@jon.com", "message": "Johns review\r\n", "added_on": "2022-01-20T12:26:32.027Z", "approved": false}}, {"model": "products.review", "pk": 4, "fields": {"product": 6, "name": "Nicky", "email": "nikcy@nikcy.com", "message": "This is a test from Nicky", "added_on": "2022-01-20T12:29:17.498Z", "approved": false}}, {"model": "products.review", "pk": 5, "fields": {"product": 6, "name": "Nicky", "email": "nikcy@nikcy.com", "message": "This is a test from Nicky", "added_on": "2022-01-20T12:36:35.229Z", "approved": false}}, {"model": "products.review", "pk": 6, "fields": {"product": 6, "name": "Nicky", "email": "nikcy@nikcy.com", "message": "This is a test from Nicky", "added_on": "2022-01-20T12:39:52.615Z", "approved": false}}, {"model": "products.review", "pk": 7, "fields": {"product": 6, "name": "Nicky", "email": "nikcy@nikcy.com", "message": "This is a test from Nicky", "added_on": "2022-01-20T12:40:30.030Z", "approved": false}}, {"model": "products.review", "pk": 8, "fields": {"product": 6, "name": "John", "email": "jon@jon.com", "message": "Johns review\r\n", "added_on": "2022-01-20T12:46:42.117Z", "approved": false}}, {"model": "products.review", "pk": 9, "fields": {"product": 6, "name": "John", "email": "jon@jon.com", "message": "Johns review\r\n", "added_on": "2022-01-20T12:49:38.936Z", "approved": false}}, {"model": "products.review", "pk": 10, "fields": {"product": 6, "name": "John", "email": "jon@jon.com", "message": "Johns review\r\n", "added_on": "2022-01-20T12:50:48.795Z", "approved": false}}, {"model": "products.review", "pk": 11, "fields": {"product": 2, "name": "Chilly user", "email": "chilly@user.com", "message": "This a review on the Chilly User reviews", "added_on": "2022-01-20T13:21:58.820Z", "approved": false}}, {"model": "products.review", "pk": 12, "fields": {"product": 2, "name": "Chilly user", "email": "chilly@user.com", "message": "This a review on the Chilly User reviews", "added_on": "2022-01-20T13:23:53.334Z", "approved": false}}, {"model": "products.review", "pk": 13, "fields": {"product": 13, "name": "superuser2", "email": "test@test.com", "message": "superuser2 review ", "added_on": "2022-01-20T14:17:22.403Z", "approved": false}}, {"model": "products.review", "pk": 14, "fields": {"product": 13, "name": "superuser2", "email": "test@test.com", "message": "superuser2 review ", "added_on": "2022-01-20T14:18:31.968Z", "approved": false}}, {"model": "products.review", "pk": 15, "fields": {"product": 13, "name": "superuser2", "email": "test@test.com", "message": "superuser2 review ", "added_on": "2022-01-20T14:26:49.648Z", "approved": false}}, {"model": "products.review", "pk": 16, "fields": {"product": 2, "name": "superuser2", "email": "test@test.com", "message": "ghghghghg", "added_on": "2022-01-22T11:15:00.184Z", "approved": false}}]